{"cameraMode":{"drawMode":0,"name":"Shaded","section":"Shading Mode"},"sceneLighting":true,"audioPlay":false,"sceneViewState":{"m_AlwaysRefresh":false,"showFog":true,"showSkybox":true,"showFlares":true,"showImageEffects":true,"showParticleSystems":true,"showVisualEffectGraphs":true,"m_FxEnabled":true},"in2DMode":false,"pivot":{"x":2.7183823585510256,"y":-2.569153070449829,"z":-9.406416893005371},"rotation":{"x":-0.15453694760799409,"y":0.30787795782089236,"z":-0.05250358581542969,"w":-0.9381359815597534},"size":5.5703277587890629,"orthographic":false}