{"cameraMode":{"drawMode":0,"name":"Shaded","section":"Shading Mode"},"sceneLighting":false,"audioPlay":false,"sceneViewState":{"m_AlwaysRefresh":false,"showFog":true,"showSkybox":true,"showFlares":true,"showImageEffects":true,"showParticleSystems":true,"showVisualEffectGraphs":true,"m_FxEnabled":true},"in2DMode":false,"pivot":{"x":3.2922377586364748,"y":6.4042744636535648,"z":-7.388779163360596},"rotation":{"x":0.27432215213775637,"y":-0.016861779615283014,"z":0.004732505884021521,"w":0.9619015455245972},"size":3.6953883171081545,"orthographic":false}