{"cameraMode":{"drawMode":0,"name":"Shaded","section":"Shading Mode"},"sceneLighting":true,"audioPlay":false,"sceneViewState":{"showFog":true,"showMaterialUpdate":false,"showSkybox":true,"showFlares":true,"showImageEffects":true,"showParticleSystems":true,"showVisualEffectGraphs":true,"m_FxEnabled":true},"in2DMode":false,"pivot":{"x":114.10738372802735,"y":27.73577308654785,"z":390.8161315917969},"rotation":{"x":0.030885200947523118,"y":-0.13480933010578156,"z":-0.004350217059254646,"w":-0.990557074546814},"size":210.48741149902345,"orthographic":false}